{"type":"FeatureCollection","features":[{"type":"Feature","id":"441602","properties":{"name":"源城区","cp":[114.696828,23.746255],"childNum":1},"geometry":{"type":"Polygon","coordinates":["@@FDBB@D@@DADAD@DBH@B@DDDDDF@DDDDBBDBBDDHDB@FBH@BAF@D@BDH@HDD@DAFBDBBADAFDCFBD@B@@FD@B@FCFCHD@BB@FCBADADABDDFHDB@BDFFBHBD@HDDDADABAFADGFABEDADAFBBB@F@DDDBFBFDAB@DDB@DBBD@H@D@BCD@FADADBBCD@JNDDCD@HD@FBB@D@BBDB@F@DADAB@BAFBDDDBDDAB@DCDADBBBBFDBBDDB@DDFDAH@HABBFHCBEAAAEBADD@B@DFHCFA@DCDABE@BFDDD@@D@BC@ABABBD@BAD@FF@BD@F@BBDD@FAD@FB@CBADBD@ADFB@CBAHA@CACAABCACD@BCBADAB@DA@E@ADCBADCJCFGDC@CC@AE@C@EDCACAACD@@@CCACABABGC@@CAADADCDIDGBEBADBBABAGOAGCGFAAADAB@D@ACFADAFAB@@E@@B@FBFEF@F@BEFCDCDCACC@CE@@E@IAAC@C@ABAGGAAACCCACEAGAEAA@AAACCBCAECICC@@DABGBA@CCACAAECEACGAECI@IAGIMIMCIGGEGAKAKDO@MBOAK@I@O@KGIKGIAKEEAACAC@GAEDI@ABCA@CAC@ACCAADAAEA@ACCC@@@@AAECABECAABEACBC@CBCA@ABCCCBABG@AA@@ECADADBBA@ACCAAC@C@GFCBEBCDCB@DBDB@D@@HAB@BABABEFA@@BABA@CDCDIBIDC@@BADA@ABECCAADABGBCFEFAD@JBDABA@ABE@AFCDCFEB@BBDBDBB@@EHADA@BDEBDDDBBBBD@H@@BD@D@HEB@DCFCAEHC@AFABABAB@DCDAH@LKRCD@D@FA@CD"],"encodeOffsets":[[117277,24237]]}},{"type":"Feature","id":"441623","properties":{"name":"连平县","cp":[114.495952,24.364227],"childNum":1},"geometry":{"type":"Polygon","coordinates":["@@B@B@CIAGACAE@A@ABCB@BGAE@C@C@ADAXGBABGBEBGAEACAIAG@EAC@A@@BAD@DDDDBBB@B@BCBABCD@D@D@DABABCBABCBCBA@ABADBDDJHHJBBDBF@HBHDFDDDDDHBHBDHBHDHFJBDDBFBF@FDFDDAF@D@B@@DBDBDDDHBH@FDHDHFHFBDDFDDD@HEHIDIFGHAHAHCJAFBFFB@DBHAHAHCHAF@D@DDBDDJDJDFFFDFDHJFJHFDHFBBD@BCBAFCFCB@DBHDFDJDJBFDFBDDFBFEFGBA@AACAADIFIFOJSFI@AD@H@H@DAD@FKFKAAB@DADABA@@BEBC@C@A@ABA@A@@CCAACGCEAE@GBG@CAECECCECCACAAAA@A@@ADADCHEFEDGFGBABCB@B@HEJAF@DBBDBABABGDEDCHADAD@@A@@@E@E@AB@DCBABEBCFEFEDABACCECECECGCCCAA@@@CB@@CBABCBEBCBC@CBADCFABA@AAAAACAECA@AA@AACAA@C@CBAFEJED@DADEBA@AEKIGAEFEJGFEDICMEG@E@@@@@A@KAOAIEU@ADEFCL@NDJDHB@@FADADCFCDEDCFCD@F@FFDD@B@RERATFTJPJBFCHIBYBMBCBABCFAFAF@B@FDDDBF@J@HBFBBJDLBD@D@FCFE@@BADGBKBCDAFAH@DABABCBC@E@E@ABCBAB@DBDB@BBBDBFBJDLFB@DBDDFFF@F@DBDBB@@@@ABC@A@@CC@A@AAGBC@EBA@ABAF@D@B@BABABC@IBIDGFGEECCMEMCMAM@CAC@A@C@CAC@AAEACC@C@A@CBC@C@A@EAC@A@A@E@CAAAACECCCICGCGCGCECECAC@A@@@AB@BCDA@ABAFAHAFADEBI@GAGCECG@EACIBGFGFEBGACKEQ@A@AAEEECAAAAAC@AACAAA@AAC@C@EAC@AAAAACAE@A@A@A@@C@C@EDEFEBCBA@ABA@AAGCECCCCAC@CBC@@@EAAEECCAIAMACAAA@@AA@A@EBCBAB@@A@@CCCCCECEACAC@AAAC@A@CBABA@ABA@A@CECCCAEAG@EBEDEBE@OCICE@QB@@AHAD@DABAB@D@DBFBF@B@DA@@BEBCDEBCDGFEHABABBDBD@BABCDCBCFEFMFGAGAEEAC@@@A@C@A@EBCDCDCFEFEDCDCDAFAFEDC@E@G@@@CCE@EBCBCACC@K@IBCBCDEAEAGAEACIAAEECAACCCACCAE@EACBAD@FAJAJCFEDC@@@@BA@@B@B@@@FBF@DGDA@@BCBC@ABABGDEFEBCDAD@FAFAHBDDDFFJDHBJBJ@JB@@F@HDFFDHBH@FEFGHABCD@D@DBF@DAD@DBFDFDFDF@BADADABAF@FABABEBEBGAG@KDGFCB@@CNEJCDA@CAEIEMCEECEEECEAICGAGCECAAAACAGCAAAA@C@CAAAAECCCIGGECAC@A@AAAEACACA@@A@AACCAAA@AAC@ECEIECACBBFADABG@IE@EBCBED@D@DB@@D@@C@A@I@G@GAECAC@CAAADADAHCHCBC@CBC@ABGHEDC@C@@C@AA@A@CAAAAA@A@ABCB@@CBAAGCAAC@A@@BABADCBC@CDEBC@ABABABA@@AC@C@ABA@CB@DAB@@AB@B@@@B@BABABAD@@ABA@A@AAA@@A@@AAC@C@A@A@ABAD@FBBAB@B@@A@A@A@@AA@@AC@A@E@K@CBC@ABE@EBA@C@ACCAA@ABABC@C@AAAAAAIGGCGBGFADEDCBABCDE@CCAACACCAAA@@EACAGACEAC@CFAF@HBFCDCBCFEDEBCBGHEJCJCJGHIFIFCFAHBFBFFFDDDD@HAFADCDMFKFI@EB@DBDBBBDADAFGNEPAF@@GJOHED@DBDB@PBP@F@BDADI@O@I@CDBFJFLDBDAFAD@@BJHFHL@@HNFJDJ@FADGHEHAD@DBFDDDHFHFDHDDDFHBF@FA@A@GJEHCB@BCBC@Q@OAICGAE@AB@BBD@DBF@D@FAHAH@JDHBJFHAD@BCDCDEDCF@D@FADCFAD@FDDFDFDFFF@F@BBDBDDDBFFHHNHJFBHDHDFJJLDPDHFBFADIDGFELEDKHGFEH@BADCH@H@JAFCDGDCHBDBBFBHBHBHBBD@BADAFBBDDDFBBFBRDHBDDAH@HADAF@B@D@@HBHBLFDBBAFEHBHHFFF@FADE@EBCB@DBBDAFEDAFFFHDF@@@@AACAE@A@AB@B@@@FB@@F@DA@@BGBABAD@D@DADCBABA@C@CBEDCF@HBD@D@@@"],"encodeOffsets":[[117136,25154]]}},{"type":"Feature","id":"441624","properties":{"name":"和平县","cp":[114.941473,24.44318],"childNum":1},"geometry":{"type":"Polygon","coordinates":["@@DABCHEDCFCBCFCFA@@DADAB@BBBFFHLFHDHBF@FCJCDABCACCGCIACBCDADEBEBEBGBADCDABAB@DBDBLFDBFBBHBHBD@DD@D@@@@@DBBBBD@F@H@DDFFNBDDF@DAFCFAHBFBHDDDBBDBBADCD@B@BFFFFAF@F@LDLHFLFVANAAC@A@G@GBEFCLBJDJFFFDFDHBBF@FBFDFDHDF@F@BBDAH@JDHFDBB@BABA@CBCDAH@FBD@FABA@ADAD@DDBFFHLFNHFHBDCFADBDFBHF@F@F@@BDB@@@B@AA@AB@@ABEB@B@BAB@B@@BD@B@B@BBF@F@D@@A@@BAA@@C@A@@BC@@@@@@B@BB@@BB@@@@B@B@D@@@@@BB@@@@B@@A@@@A@A@@@A@@BCDABAB@@A@@@@AC@AA@@AB@@A@@BA@@BC@ABABABA@@@@@A@A@@@@@@B@@@@@@BB@@BB@B@@@@BB@@@@@@@@@@@@A@@AC@AA@@A@@@CB@@@@@H@F@@@BA@@@A@@@CBA@A@ABBD@DFD@HADCBEDAFBDDBB@@@BB@BB@@@B@@@B@B@@@@A@AA@@@@AA@@AA@@A@@@@@@B@@@@@B@@@B@@@B@@@B@@BBB@@@@@B@@@B@@@@@@@@B@@AB@@@B@@AD@@@@@BB@@@@@@AB@@AB@@@B@@@B@B@B@@@@@@@BBBB@@@@B@B@@@B@@@BA@@@@B@BBDBBDBBFFBBH@HAFB@@@@@B@@B@B@BB@@B@@@B@@@FBDDJ@VAF@HCF@B@B@FE@@@CAEAABEHG@E@ADEJE@A@ADCFAFAFBDADA@ADCBIHGDCHEDCFENMNCHCHCHENE@ABADE@@ECEEIEMEEAEKCECA@AEGAA@EBIBI@EAEA@AAI@G@CAC@AAAAEAA@CCCECEACEBE@CGJGBA@CBA@G@@@ADADGHELELCHCDABABADCAACAKDKBG@AA@ABADA@ABA@EAAAAC@C@C@AC@C@CDCDCHAD@DAFADEBA@CAGAGACAAC@AACAAAAA@ACAAACAAAA@@@@@@A@ABABGDEBEFEFCFCBABABCBAA@A@CBCBC@A@ACBA@A@A@E@EDAFA@AB@@G@CDCDEBADAAAAAEEGCECGAC@AA@A@E@C@AE@E@CAAC@E@GBC@E@EAC@CBAB@BAACAA@C@C@AAKAICGGGEEGKABAAA@AAAACAE@E@E@ECAEECCCAA@A@A@@BAB@DAB@BA@A@A@CAC@C@CDC@CBC@CBCACCA@A@CBCDCDAFAD@B@DABC@C@A@A@@@C@A@E@C@EBAAA@AAAAABABADAFBF@H@D@FAJGJGDAFBDAF@DABCBA@A@C@AAEBADE@I@M@@CAEACAACACACCACAAGGMIMCGK@G@G@G@GAE@EACCAAAC@AAECAACCAAAAAACAAC@A@AAA@ECECAACACBEBCBCBCBA@CAC@E@CDC@CBCACAC@EAG@EACAACACAACCC@CBCBABA@A@A@ACAACCCCGCEAGCAAEAICKAE@A@CB@D@HAJAJCDGBE@EA@@A@G@GBGDEBEBC@A@CDADCBAB@HAHEFEFGFEDC@AAECEAECEAEAIBMFGHADBDBDADGF@H@B@@BDCFADADAD@F@DABABCBEBG@GBCBCBAB@DADADCDCDC@CBCAA@EHCHAJ@JADABABA@C@E@AB@BAB@FADBH@B@BDD@@@BAD@B@@A@CACAE@E@EECCCAA@KEICEACAAA@ACACAA@ABAD@B@F@FADADABCBG@EBCBADALCHAB@@EFEDC@C@KAICAAAE@G@IAECCECA@E@EBEBADABADANAZGJEDIAIOESBSFQ@Q@ACCEEE@C@EDCDCFEDCDCBEB@@GAICMCK@EDCF@BFVBJBP@L@B@@@@@FFHDNCJEFIHEFBFJHFL@BABCFCBC@IFEFAB@D@DBBBD@BBBB@FDDBBBBB@BABEBCDAB@DADADAFADAB@DA@@D@@BBDDHDFDFDFDDDABCBEFEFADAFABCDA@@B@F@F@@@BC@CBGBCDCFAHABABACCAE@IBGFA@A@ADABEHCHEFGFCDCB@BB@B@BBDBDBFDDDDFBF@DAH@HBFDFDHBBDD@@@BAB@B@B@DADAF@@ABCBCBA@BBDFDHDHBJDFFFAD@DBDBBD@D@BABADABCFPBFDFB@D@BBBB@D@FCBCDAB@BBFBDBD@DADABAB@@ADCF@BBDDF@DADAJADBDDDF@D@F@F@F@DDDBB@BBDAFAFEFEFCFAD@DBF@D@DBBF@B@BD@F@HEFCBC@CFCD@B@@@BDBBB@B@B@"],"encodeOffsets":[[117560,25196]]}},{"type":"Feature","id":"441621","properties":{"name":"紫金县","cp":[115.184383,23.633744],"childNum":1},"geometry":{"type":"Polygon","coordinates":["@@DDBD@@FF@BD@DCD@BADAD@DBB@BCB@@@DDBA@@FDDABABABB@FDBBADCB@FBBFFBD@BBFB@BFBDBDDBDDCBAD@FC@EFDDABAJDFDDEFCBA@C@C@CFDDBBF@@FBFCDE@ABBF@F@DFF@DADBD@D@BADB@BDDD@F@DCDBBB@@H@HBBFD@D@BABEBAJCJ@JBFDD@DAB@DAF@BCBEBAHED@HBHB@CDCAAEE@E@CB@BBD@DB@CACDABEDFDCB@BBDBBBDAF@@BCBCBBBDB@@@DAB@JDFDBAHFDF@DBBDLDD@FAHHHHJ@DABAFADA@AACDEDC@CD@FAFBFBD@BAACBGDEBG@E@@FALAD@BEBCHCHBDCF@DEDCB@F@N@BADC@EFEDEACAAACHGD@FAD@FED@H@HADCFBBB@@FDFBB@BA@CFAD@DBB@B@BALNBDB@FAFAB@@DADDHBDFBF@F@DBFADFFFD@FD@DHBD@DAB@D@D@FBBFFDB@BDDDDBBDGB@DCD@DCD@BBFDBB@B@BBDFFC@@DAD@FBBFFDDAD@BB@D@DHBDBHHDDDABCDBJ@DBBAFDF@HAFBF@D@@GBCFCB@@@FADCNBB@B@B@HBFFFDBDBBBDFBBD@@FBF@D@@CF@B@@ABA@AH@BAHA@@BC@@DBB@D@DBB@HAHBD@B@FAH@D@D@BCF@DBDDDBF@BADBFDDADCFD@FBBCBAB@DBBB@B@DBBB@BHFBBB@BA@BB@BBBA@BBB@BD@B@FABCBADABA@C@AB@EICA@AAAA@@CEA@CC@@CBC@CCAABAAAAFGDECCDE@CFAB@BCD@BADCDCAA@C@AF@DBB@B@FAD@D@@C@C@CBEAIACEAAEDEDAD@BADBBADABCB@DBDAFCFBAF@BA@BDB@BCB@BBB@D@DBDBFDBF@BBDBABCH@D@FA@AAABC@A@ABGC@@C@EAAAA@E@CAAAC@ADC@@B@@ACCAC@@BCBE@EACC@CAACCC@E@CBEECAAAC@A@CCCA@AAEACA@@BEBEBCECAAA@AC@ADG@GA@BA@AA@@C@A@CC@EEBCBEBADA@CAA@A@GAE@EAEBCDCBABCDCB@BABA@AACAAAABABAAC@@BC@AD@LEFAD@BAAAACAGCCACAAAA@AABAACCAAFE@AACBCBCACCBAFADCBAC@EBCBCAA@@EA@C@E@EDC@CBAD@@A@CDA@@BCAA@CDCCAC@CCCAAAIA@DCAEACBC@AACCAEBEBEB@B@DADA@DD@D@@AAABADA@GAA@@@@A@@EE@BA@ADCF@F@BBBICEF@BEBA@C@CDCBACAFCCA@CBAAECABCDEAEC@CA@ADABCB@D@BCD@BBB@@@DAD@BE@CHCBA@C@A@A@C@CAG@AFCBABABAACAGACAI@EDEFCFGLAH@BACAAAAC@AAABA@ABCBAAEAA@E@CBE@EBC@@@CBC@AAAAAACD@@A@ADABAAACECC@ADBD@BA@@BCBAF@D@BB@BD@FAF@DADAD@BCA@CACAC@A@IGA@OCE@KCC@C@CDAAE@AABCDABEAC@ECACCA@CEAA@@@ABA@@DCB@D@BAAAAAAACCCACACAA@AAA@A@ABG@A@ABC@GCE@@@AAEAAA@A@ABAD@BBB@@ADE@AAAAAA@AA@CCAAACC@AB@@AAAAACAAA@C@AA@AA@EBEBCB@A@CBE@CDABABA@@BC@EBCFB@BB@B@D@DBBC@AFABBB@J@BABC@A@@FHDEHCDAD@B@BADC@@@CAAB@@A@AB@BCBCCOPBLAAA@AAAAC@C@G@AFCDIBCBCBA@ABE@AA@BAFADAF@@CBCDE@ABABCBAAECEAACEAKI@@GCCAA@A@@BAB@BABBD@BCDBB@@@BA@@D@@DD@@A@CDE@@DBB@D@HBB@FBBBH@DABAAA@@BAB@BB@BBBBE@@BDD@B@B@@@DBBB@BFCBAACACAC@C@A@AA@BABABA@@@@@@DA@CB@DA@@@A@ABAA@D@BABA@AB@AC@AB@D@B@@@B@@ABAB@@ABCBC@A@@BA@ABA@BBEBADAB@@A@CAAC@AA@A@C@CBG@C@CAAACAC@AAAACBCBABA@@BB@ABBB@D@BC@CACAEAA@CBCB@@AACAA@A@A@@AAAAAABA@ABACABAA@@AACA@@EBC@AB@BC@A@@@AAA@ACCAA@@AAA@D@@CBABABA@A@A@CBA@@@@@A@A@A@ABCAAACAA@CA@AAAAC@CBADCA@CAC@A@A@A@@A@AAACAA@@AAACB@@@@C@AAAAA@A@A@@AAB@@CBA@A@CACBABA@@@@BABEBAAABC@C@@BA@CBA@ABAABCAACAGAAA@AAAEAA@GCC@A@CAA@BACACACC@CAACACBACAA@@@@AAA@AACBC@A@CBECCC@C@AAA@CACCC@ACBABCAC@C@AAAEBA@CCCA@ACC@A@CBCAA@A@AFA@AAABCBADA@ABC@A@ABA@CBGAA@@@ABA@EBCAABA@A@A@CACBEBCBAABA@A@A@A@A@A@AAAC@AABACA@AECAAACAABCBA@ABAAACAAA@A@A@CCA@CAA@A@@AA@@@@A@@@A@@A@@@@AA@@A@@@AB@@@@A@@@A@@A@@A@A@@@A@@@@@A@@@A@@@A@@@A@@@@BABA@@B@@AB@@A@@B@@AB@@ABAB@@@B@B@@BB@B@@@D@@BB@@BD@B@@@@BB@@@@BB@@@B@@@B@@@@@B@@@@@@AA@@A@AAA@@AA@A@AA@BB@AB@@A@@B@@@@A@@B@@AB@B@@@B@@AB@@A@A@A@@@@B@@A@@@@B@B@@@@@B@@@B@B@@@@A@@B@@A@@@@@@@@@A@@@@BA@@@@A@@@@A@@AA@@@@@A@@@@A@@@@@@@B@@@@BB@@B@@@B@A@C@AB@@@@A@@@A@@B@@@@A@@@C@A@@BDB@B@DFFBH@DA@@BADGB@@@BC@A@AD@BAAAAABAAAAACCAAA@@CBA@AACAAACAA@AA@AAAE@C@@@CBA@A@CAB@@C@A@ADEAC@CB@@ABE@AAI@CB@D@BAACAAAC@AAABA@AAAA@AC@C@C@A@@CA@ABA@AAA@ABCAE@A@CDA@A@A@C@@@A@AAAACAA@@CAAAAABAACA@CAAA@CAAA@@EAAC@@@AAACAABCBA@CBCBCAAA@CAA@AACBAAAAABAAA@CAG@AA@A@C@ABCAC@AC@AA@C@AAC@@BCAAA@CA@ACA@A@AAAAACAA@A@CA@C@@AAC@@ABC@CDAA@AC@@@C@ABAB@BAB@B@B@@AB@AABAAA@AAC@@DABA@@@CA@AA@A@AA@CAACC@AAACAAAA@@BA@A@AACAACCCC@A@@CA@@C@C@CA@B@BADCBCBCAC@C@BDADCD@BCBABBB@BABA@AB@DAAAB@BAB@BABAB@BABC@A@C@CBAB@B@BCBABABC@ABCBAB@D@@@BADA@A@A@C@A@@BABC@C@E@AAABA@BB@BAD@D@BBD@BBBAB@BCB@BABABBBB@BDBB@B@BBBAB@BABBD@@BBBBDBBA@BDBAB@D@DAB@D@@@B@DADADA@CDBBAB@B@DBDBB@BA@ABC@AAA@A@@@CBABADABBBBF@B@@CBCAAAA@CBCF@DB@@BDJABDDBBFDBB@DB@B@@DDD@DBBCBC@CB@BBBB@ABAD@BAB@BBB@BCBE@ABABA@A@@AAAA@@@EBC@BD@BCF@B@BABGBABBDAB@@C@A@CACDABEAEACCABAB@B@BBB@BCB@BA@ACAAAAA@AA@AABAA@AABBDAD@@@F@B@DCBA@@AAAAB@DBBA@ABABA@@DC@AB@DBBBBDF@J@BCBA@CBCAC@AFA@A@AB@BAAA@AAEBC@CD@BB@BBB@D@B@DDADA@A@A@@BBBADABBB@BBDCBAB@D@@DB@BAFCBCBEBABBDBDB@B@@B@BDB@@B@DD@BF@DBB@CBCBCBC@G@CDABABCBGDA@CA@AE@ABABCAA@ACABC@AAA@AACBAA@AAA@A@ACCC@AAABBB@B@BAB@BA@A@@BC@ADA@@@A@AA@AAA@CAC@A@ABCBA@C@AA@CBA@CBC@A@CD@@@F@@C@ABA@AAAB@@BDABC@@BAFH@DBJHV^TXHJNJFFD@HBB@FBD@RFDDBHAHEFGJILCLCHADBJBJDFBDDDHDFHFFBFCHEFEDE@MCCAE@G@GBGDGFCF@D@LALALCJAD@BCJBF@HBDBDFBLFJBLHHJ@L@P@JBLAP@NCPBLBLFHHHDJJNJNBH@JDJBFDHFBFDBBBDDDB@HABA@CD@JDFDDBDABDBBB@FBHBFBBDDDBDBBHHAB@B@DBDJBF@@@DFD@BD"],"encodeOffsets":[[117522,24307]]}},{"type":"Feature","id":"441625","properties":{"name":"东源县","cp":[114.742711,23.789093],"childNum":1},"geometry":{"type":"Polygon","coordinates":["@@GBABG@@BAB@BA@E@@DC@E@EA@@ACEAACAAACECEEGAA@A@A@MACDEB@@A@EDAD@HC@E@EAGBE@ECABCAI@CAADCBCCGGCAGA@C@CAAC@CBECAEEAC@CB@@EDCEAAA@A@CAAE@ADC@CDC@CHAACCACCACA@ECAEEAC@C@A@CBC@GA@CECC@EECEEBCAE@E@EAACCGBC@CA@EBEBA@ACKMABA@A@CAC@EB@DABA@EAEC@@AAEACDGBG@C@EFC@EBC@GHBDBBBDCFEF@FCDABM@E@A@CDCFE@CDGAGDADAFC@KBEB@@@FAHCFAHBDABC@EAEAEBC@@DCDCFBD@BCBEBABCBI@GGGGEBC@KCACCAE@ECBGCACE@IBA@C@@CAAADADA@AE@CBAACAAAA@CDCEAFCBBD@DCAC@AAA@@D@FFFBBCD@DGAGAC@GFABAFADE@CBA@CBC@ECIAI@IDABAFABC@C@AEGAG@@@AACACDE@C@CC@ACAABC@C@CACBE@CEE@E@AA@BCFEDEA@@AECAEC@D@D@DABEDCFECICABCBEC@FEDC@ABCDACCCCAEA@AEAAAC@EAAEEAA@CDABCA@EAAABABCBEC@@ABCC@@A@ADA@CAC@CBABC@CDC@@AEE@@ACCCCDCDEDAFE@E@EFEAA@@@@FA@EBCBEBBDC@A@CBBBEBDHBHHPABABCAABAFCHCJCDCBBB@DD@AHABDBDB@D@@DCBBBDCD@F@DBFD@@DCDEHIDCDABCD@B@FCBA@CBABADC@BDADBBBD@DGBAB@DEABCC@CAAB@DEAC@EBC@AC@A@EACE@@EBC@AACBABAD@@A@CC@CCAEF@BADC@CEBGDCEA@C@BCFABBFBDAEGAAGBG@CBCE@CCAACCAAEAACACBCDA@CBACCCACBE@ABABC@C@ECAAAC@A@EAC@@GDCCCIMC@ADCACBEBC@ADC@G@C@AA@CCA@CBAECEACACCE@A@AABEBCFCBAHEBCBEBABCCCGCC@GAEACE@ACAEGCCBABCBCDA@EAAC@DGDE@E@AEC@@@AACDEECCBABCAEACBC@GCG@ACC@E@ABG@EAA@GCCCAAACCACC@CCECCCCA@G@CAC@CBCB@@@CAAECEBCAE@ELADDDAHABABCFADBBA@C@EBEDABABG@A@ABABCDEBAAE@CBABADEAEBGBKECAGCEAGAGCA@AACCAACAGAA@A@CBCDA@GHACCB@@EA@B@DBB@DAD@D@B@BAD@BAB@BABCBA@A@@BCCGCI@GDCDBDCLADAFEJELABADABK@@DEFA@GMAAAAACAAAC@A@CAA@@@CC@ADABC@CBCD@DABA@CDDDFF@D@DAB@BABA@I@KBIF@HBBBD@B@@ABEJ@BAJ@FFFBDBBBBBBDDBD@BBD@B@DABEJE@AJDDCHE@KBAD@B@DADGND@@HCLDFDJ@D@J@F@FFDDBDD@@@FHFFFD@FBDBDAFDBDC@C@EFCDABAB@BBD@F@BFFBHDBD@B@DBBDDDBDBB@D@D@BCBCB@BDDH@BBB@BBBBBDCDDNBFFBD@JBDFCHAFBFCB@HBHBBHDDFEH@HBDBDBBB@BBD@AFCBABCHAF@DDF@B@J@DBAFAFADDKHADAB@DADBDBFFHFBFBDBDDABABCD@F@@DBL@JDH@FCDGFCB@BJDLBDLBNAFBB@@FAHCJCFAFBF@@@BBDAFBDBDDBBDBBBBDDFDHBDBDBH@F@FDDBFBHDFDFFDHBHDFBDFDFF@BBDCDAFAD@FDDH@BADAFGFGFCB@@ABBBBBB@@@@B@@BHHAFFJJFFJDNFFF@@@BEAI@GDED@FDDHD@D@FADEFCD@F@BF@D@B@BDFBBFBFEHCBABAD@DA@AB@HC@CAE@E@@@A@AB@@A@@D@FCDEBIBI@EBCDAFBF@DBBDDDBDDBFFBBDJFBHBFBFBDCDAJAL@D@BDADAD@FDF@D@@@H@FCDEFEBCBCDCDEFEFCDCDAD@F@B@D@B@@BDFFHBHBNEFEDEDADCBA@AACACBABAFGHEDCFADCFA@AB@@C@AAEAE@C@CBABA@CBCBG@@RAF@JDPDF@FAFCFAH@FBDBDDDFB@B@BAB@BADAB@D@BB@BBDBDDFDFDDDD@@@BA@ABAD@F@BBB@@BBDBNBJBDBFDBFFB@@D@DAD@DBDDFDHDBBB@BAB@DAFAFEFCD@D@@@@B@B@BBFBDBBBBD@FBD@D@BBB@BBBD@BBDBBBBFDFFBBB@R@LFBDAHEFEHAHDJFBH@FDHDHBJ@FABCBEBGBEBAB@DC@ABA@@B@D@DBDFDFDHDHDHDJDDDFBBBB@D@F@B@BBD@F@B@DAD@D@B@DDDFBBBD@DBD@B@D@DBN@NBNDNFDDFFB@DBDAD@DCDCBCBC@CBADADAHAH@FADABABA@C@EBCBCBCDEAC@@@A@GHEBCACACBCHGNEJAFBFBFDFBFDBBD@FCHEFEFEBG@GBADABCDCB@D@FAFAHCHAH@B@@@FBF@HADCBIBI@G@CDAB@F@LBJDFBAC@ECG@G@G@G@EAAGEECCACAAA@CAE@GAECCACCCCAACAA@ADCB@DCB@BGBEFCHBF@FDJDJBJ@J@BBD@BBDD@DBDDDDFDBDBAE@G@C@ABGDEFEFCBAB@@CCCCCCCA@AA@C@A@CB@DADABADA@E@CAGAGD@DBB@B@B@BA@IBGBCDCHAHAHBFABA@C@EBEBCDCBABABCBABEBCBCB@BC@@LEFCBC@ABCDAFCBCBCCEACCAC@CBC@C@CACDCDCFAFABCBEAEA@@EBC@CA@A@@FGBAEEAC@CBA@AD@B@DADBB@BA@C@ADADAB@@A@@@CBAD@BC@AB@DA@ADAB@BCBABAB@BBBBD@DBD@B@BCB@B@BB@A@A@A@C@ACC@@A@A@CAAC@@BC@AB@@@AACAAAABAA@C@ACA@ABC@@@AAA@C@AB@D@FB@@BA@@@ABABABBB@BA@@BB@A@ABADAB@B@@@BA@AAAD@@AB@BAB@@BB@BBB@B@@@@CBCB@BBD@BA@AAAAA@AB@BBBB@BD@DBBDD@DDB@B@DBBAB@BAFBBDBBBBBADABCBBB@D@D@FA@@DA@B@B@D@DDBDD@@BB@BD@B@BADCBA@AAA@AB@BAD@BAB@F@F@BABBB@BCDA@CAAAA@AFC@CH@DDFA@A@CAACAACACDADA@AFAD@BABCAA@AFABABA@A@CBAB@FABBDBD@BAD@BB@AD@BA@@@AAAAA@E@CBAFADCD@BC@CD@BEBCBABAB@@ABCDA@A@ADA@@BA@ADCBBB@B@DABA@EAA@A@A@A@A@ABCBAD@DA@AFAHAJCB@DCDABAFAB@DABA@AACAAC@CA@C@E@EACFGBAAAAA@CAAA@AA@ACC@@@EFAD@F@DAAA@C@@BCBCCAD@DC@@@ACAA@@CC@C@ABCDCA@A@AFEDCBCDAAAG@AAAA@CCGAAG@GIECA@ECECAAAAECCCCCCAEAAA@C@A@A"],"encodeOffsets":[[118085,24328]]}},{"type":"Feature","id":"441622","properties":{"name":"龙川县","cp":[115.256415,24.101174],"childNum":1},"geometry":{"type":"Polygon","coordinates":["@@@@B@BABABAHAHBHD@@HLPVLFLA\\QZQDCBAD@DCDCFCHAH@HBBBD@JAJEDADABGDG@CBCFAHADEHED@FA@A@CCCAAAA@@FGHCDCB@@A@EBGBCBAF@F@FB@@B@D@BB@@B@B@BADABA@CACACAEACAA@@@ABABABADADA@@B@BAB@@A@A@AB@BAB@B@B@BAD@B@BAB@@AB@BADAFADADAB@@@BA@@@C@C@C@AAC@A@C@ABA@CBABC@ABA@ABA@CAE@@@C@C@AAA@@@A@A@@@A@ABA@A@AABC@AAMCACAAEAK@MCCAGGEAAA@@@A@A@E@C@ECCAACEGECCEGAE@CDGBEDE@IBEDE@A@ACAAAECE@C@EAA@CAEAA@@A@@BAB@@A@@B@B@B@@@@@BA@@AA@@BCB@@AAAA@CAABEDABA@A@@@@@A@A@C@A@A@@@AA@@BCBG@@ACBABEDC@A@EAA@AAC@CBABGDEBA@ABG@ECGAACC@EBAFCDC@A@C@ABG@A@A@AFEFAL@D@HBJ@FAHAH@FAFADC@CBCBCDADDFDJBHAB@BAAEAEAC@@AA@A@A@ABE@@@AB@@@DBB@D@B@@AB@@@BB@@@@@B@F@B@DDBD@D@DABBD@D@BCDCBE@GAE@C@ABCD@F@FBDBDBDBDABA@CCCCCAAAABCBACECCEAECC@CACEAE@EBC@C@AFCFADABCBI@KAKEIGIGIAAECA@A@ABA@AAGCA@AAAGCE@GBIAECGAEAGDG@CAE@EBCDA@EAEAA@ADCFABADABA@AAAAADCDEBCBAAE@ADAHADA@C@GACEACA@CBCBAJADCFCBC@A@A@AAABABABABCACACCCAC@CBEFEBCDCBAFAB@D@BABC@O@ECCA@A@CBE@C@CAC@@E@EA@C@C@CAACAC@CBCF@BA@E@GAKAK@GEEIAGFCFA@AAACCECCEAGAEACAACAEAG@ABGBCD@D@DCBE@@@AACBAC@CBCBCDC@A@CAA@@D@BC@CDABEBA@CFEFAFCDC@G@AAEC@@A@A@@@@ABCACB@B@DABG@@BCBAACACAA@AACBCDCFAAEAC@ABADCFADEBCBEBCA@A@A@IBC@AA@C@A@AFAH@F@DA@I@GBA@@DCD@D@DADC@CAC@ABADEFE@A@AEECECCAECAC@CBABE@G@C@A@EDCH@F@F@BABCBCJAJCJABABCCAE@CAAEAE@IDEFAHDJBBBBBD@DCBCBC@E@CAA@EEIKCEFC@@EAC@CBA@@@C@AAAAAACBADABABA@A@@A@A@A@AAAA@A@A@AABA@CBAFGDG@A@CCACAGCECCC@C@E@EAC@CCC@AAE@CAEACAAC@EAC@CAACCE@CHEFEDOBAFCFCFEFGDADABADA@E@C@CBC@EACAC@CAA@CBCDCDABA@C@E@AAE@A@ABABCDAECECBCDABC@CBCBA@AACAADC@C@CAA@CBCBCCAEA@AECECEAAAA@A@C@AAAECE@CC@CBADABE@C@ABAAE@C@ECCABC@ABCA@AC@ADEB@@AA@A@CCAA@CAAECAAACBCB@@AAC@GBAB@@ACABE@AAABCB@CGBCCCE@EA@@@AACEAFCBC@AA@A@CA@@@CAADCAC@ABAAC@ACACBABC@A@A@EC@CAC@EBA@CAA@@CAA@@ACAC@@A@C@CBC@ABABCBABCACEAC@C@G@IC@BABCBA@EBABCBCDA@IDGBEB@BCBC@ABAD@B@B@B@B@BBB@FABCBA@A@AACD@BAB@@CB@B@BCBAD@BA@ABABADAFC@@DADC@CDEBAB@D@FBBBB@B@@ABC@@BAAC@ABC@CAAAEBA@AB@D@BABABEB@BBBADABC@EB@BCBCBBDBDDBBB@D@BEBCCG@@DED@BBBBB@DCBADA@AAABE@E@A@ABC@ABA@@BBB@BABCDABA@C@@AAA@@CCCA@C@C@A@ACB@@EBC@C@A@AAADCBABAAAAACEAABA@ABCAA@A@CCC@ACCAC@@AAAAAA@@BBBBB@BABC@AAA@AD@D@@A@A@AAA@@AA@ABA@@BC@BB@BAB@@A@A@CBAB@B@BAA@@ABA@AAABAB@B@@AB@@EAC@A@@B@DBB@B@@AD@BDB@B@DBBBABBDBBB@@A@@BAD@@BDDBB@B@@@DD@B@D@B@B@BAAA@A@ADA@C@CAC@AAAAA@ABABADA@CB@BCBA@@BADC@AB@D@@@BA@CBCB@B@DABA@CACBA@C@@BAB@DBDFFABEH@@@BDBD@FA@@FBFBDABABEDEDCDCDBD@D@DAD@DBBDDFADADEDCBAD@BADEDKF@@ADA@ADADAFABADABABCDADAF@F@DABEBGAGBGBCDADAH@JABA@A@A@CAC@BHBH@D@FCBABCBCBA@@D@B@DBBB@DDDDDD@DA@ABEDEFCFAH@B@D@HBFCACACECCAC@CCCAAC@AAI@I@IAICECE@GAEDAFAHA@CDA@CD@BBBBDDBDDBDDDBF@HBF@DBBDBDBFDHFBB@F@H@H@HDH@FBDBBHDFBHDDDDDBBBDB@B@B@BADADAD@DDBBBDBDDBFBH@FBD@DBDBDAD@DCF@D@DBB@DADADAFADADBBBFDFDB@BBB@D@BBBDBBBBDBBDDBBF@BBDBBDDFBF@HBH@H@H@L@DHJNHNBHDBDBBDBDBDDBFBDB@@@N@JCFABBF@B@D@BABADCBE@CBEACBIHIHEBC@G@E@EACBABABBBBB@BBBAB@F@D@F@B@D@@@B@B@DADCBA@C@EBCBCDAD@D@BDBBDAD@DAD@DCD@D@DBD@D@B@BABA@CBA@AB@@@B@BBBDDFDBFFDF@F@F@DBBBBBB@BBBAHLFFHHDHBJBL@B@D@DBBBDABA@AB@DBD@F@FAD@H@FBDDBF@F@@B@D@F@BBBD@HBFDHDFFBBBBCBABCFCD@D@HA@@BEBCB@F@F@B@BABBDB@D@DADAB@B@ABADABABEDEDEFAFCFAHAB@B@B@@@@B@BBDBBBDB@BBBBBDBBBD@BBBDBHBH@DABCFEBCBC@GBCDCD@D@DBDD@D@D@BBBB@FAB@BCBAB@BBBH@LALCDBBBCDABABCBGDKDKFGFCHCB@B@@@HAB@DABIHDHF@FABDDFDFDDB@FBBBBBD@DBH@J@BBB@BF@FAJAJ@FBBFH@BDBDFFLFBNFJFFFFD@@CFAB@BMFGFGDGDMDMNEFCDGFCDGHAJCD@BCBCBEAEBEBCD@B@BIFCF@B@FGHAFBBBF@D@@EFA@AB@DABEBC@CJ@BCH@H@BF@H@RDNFLF@@D@DBHFHF@@JBHCBCDBFFJFHDHAB@FADAD@DBBDDDDHBDBDBHBHHFJDHBJ@D@D@DBBBF@F@FBH@B@DADCDCDCFCFAH@HBFBFAH@JGLGFEFEFAD@DDBFAH@HAHBJ@BBDFHFJBFDHB@@@"],"encodeOffsets":[[118143,25370]]}}],"UTF8Encoding":true}