[{
	"DOMAIN_NAME": "coqin.com",
	"IDC_NAME": "时代互联",
	"ROOM_NAME": "珠海旧香洲机房",
	"RECTIFY_STATE": "未处理",
	"WEBSITE_NAME": "草芹网"
}, {
	"DOMAIN_NAME": "gqschool.com",
	"IDC_NAME": "时代互联",
	"ROOM_NAME": "珠海旧香洲机房",
	"RECTIFY_STATE": "已下发",
	"WEBSITE_NAME": "萧山区高桥初级中学"
}, {
	"DOMAIN_NAME": "szcsart.com",
	"IDC_NAME": "讯天在线",
	"ROOM_NAME": "珠海机房",
	"RECTIFY_STATE": "未处理",
	"WEBSITE_NAME": "深圳市中创艺文化发展有限公司"
}, {
	"DOMAIN_NAME": "gxyx.org",
	"IDC_NAME": "讯天在线",
	"ROOM_NAME": "珠海机房",
	"RECTIFY_STATE": "未处理",
	"WEBSITE_NAME": "广西音乐家协会"
}, {
	"DOMAIN_NAME": "shengtena.com",
	"IDC_NAME": "讯天在线",
	"ROOM_NAME": "珠海机房",
	"RECTIFY_STATE": "未处理",
	"WEBSITE_NAME": "汕头市潮阳区声特纳电子厂"
}, {
	"DOMAIN_NAME": "gzasyz.com",
	"IDC_NAME": "时代互联",
	"ROOM_NAME": "珠海旧香洲机房",
	"RECTIFY_STATE": "未处理",
	"WEBSITE_NAME": "安顺市第一高级中学"
}, {
	"DOMAIN_NAME": "fsbencheng.com",
	"IDC_NAME": "讯天在线",
	"ROOM_NAME": "珠海机房",
	"RECTIFY_STATE": "未处理",
	"WEBSITE_NAME": "佛山市奔成贸易有限公司"
}, {
	"DOMAIN_NAME": "jielu.net",
	"IDC_NAME": "讯天在线",
	"ROOM_NAME": "珠海机房",
	"RECTIFY_STATE": "未处理",
	"WEBSITE_NAME": "汕头市捷旅出入境中介服务有限公司"
}, {
	"DOMAIN_NAME": "wsqf.gov.cn",
	"IDC_NAME": "讯天在线",
	"ROOM_NAME": "珠海机房",
	"RECTIFY_STATE": "未处理",
	"WEBSITE_NAME": "万山清风"
}, {
	"DOMAIN_NAME": "chanxa.com",
	"IDC_NAME": "讯天在线",
	"ROOM_NAME": "珠海机房",
	"RECTIFY_STATE": "未处理",
	"WEBSITE_NAME": "全潮科技有限公司"
}, {
	"DOMAIN_NAME": "toppvc.com",
	"IDC_NAME": "讯天在线",
	"ROOM_NAME": "珠海机房",
	"RECTIFY_STATE": "未处理",
	"WEBSITE_NAME": "顶峰塑胶制品有限公司"
}, {
	"DOMAIN_NAME": "zsunbox.cn",
	"IDC_NAME": "讯天在线",
	"ROOM_NAME": "珠海机房",
	"RECTIFY_STATE": "未处理",
	"WEBSITE_NAME": "上海臻晟印务有限公司"
}, {
	"DOMAIN_NAME": "ieboo.com",
	"IDC_NAME": "时代互联",
	"ROOM_NAME": "珠海旧香洲机房",
	"RECTIFY_STATE": "未处理",
	"WEBSITE_NAME": "黔宝网"
}, {
	"DOMAIN_NAME": "gaomalc.com",
	"IDC_NAME": "讯天在线",
	"ROOM_NAME": "珠海机房",
	"RECTIFY_STATE": "未处理",
	"WEBSITE_NAME": "佛山市高马士金属制品有限公司"
}, {
	"DOMAIN_NAME": "hdavchina.com",
	"IDC_NAME": "时代互联",
	"ROOM_NAME": "珠海旧香洲机房",
	"RECTIFY_STATE": "未处理",
	"WEBSITE_NAME": "影音中国"
}, {
	"DOMAIN_NAME": "gdsspc.com",
	"IDC_NAME": "讯天在线",
	"ROOM_NAME": "珠海机房",
	"RECTIFY_STATE": "未处理",
	"WEBSITE_NAME": "揭阳市草船企业策划咨询有限公司"
}, {
	"DOMAIN_NAME": "szyaodi.com",
	"IDC_NAME": "讯天在线",
	"ROOM_NAME": "珠海机房",
	"RECTIFY_STATE": "未处理",
	"WEBSITE_NAME": "深圳市耀迪科技有限公司"
}, {
	"DOMAIN_NAME": "gzmaiqi.com",
	"IDC_NAME": "讯天在线",
	"ROOM_NAME": "珠海机房",
	"RECTIFY_STATE": "未处理",
	"WEBSITE_NAME": "广州迈启化工有限公司"
}]