{
	"SMMSEVENT": {
		"NBGJ": 4,
		"SS1_CLZ": 1,
		"SS2_CLZ": 2,
		"ZSRQ": 3,
		"WBA_YCL": 10,
		"ZSRQ_YCL": 1,
		"FQDL": 2,
		"SS2": 1,
		"SS1": 2,
		"HCML_CLZ": 6,
		"WBA_CLZ": 10,
		"HCML": 6,
		"HKKZ_CLZ": 0,
		"HCML_YCL": 4,
		"FQDL_CLZ": 4,
		"HKKZ": 0,
		"SS2_YCL": 2,
		"FQDL_YCL": 5,
		"NBGJ_YCL": 4,
		"WBA": 13,
		"CREATTIME": "2018-03-15 17:26:44 ",
		"NBGJ_CLZ": 3,
		"SS1_YCL": 3,
		"ZSRQ_CLZ": 1,
		"HKKZ_YCL": 1
	},
	"SMMSIDCEVENTTOP10": [{
		"IDC_NAME": "时代互联",
		"TOTALTOP10": 21
	}, {
		"IDC_NAME": "耐思尼克",
		"TOTALTOP10": 14
	}, {
		"IDC_NAME": "盛网软件",
		"TOTALTOP10": 11
	}, {
		"IDC_NAME": "讯天在线",
		"TOTALTOP10": 9
	}]
}