[{
		"YSL": 3,
		"IDC_NAME": "时代互联",
		"GTZ": 5,
		"ROOM_NAME": "珠海旧香洲机房",
		"SQHF": 1,
		"CREATTIME": "2018-03-15 06:20:10 ",
		"SHZ": 0,
		"YHF": 1
	},
	{
		"YSL": 2,
		"IDC_NAME": "讯天在线",
		"GTZ": 0,
		"ROOM_NAME": "珠海旧香洲机房",
		"SQHF": 0,
		"CREATTIME": "2018-03-15 06:20:10 ",
		"SHZ": 1,
		"YHF": 1
	},
	{
		"YSL": 3,
		"IDC_NAME": "耐思尼克",
		"GTZ": 2,
		"ROOM_NAME": "珠海旧香洲机房",
		"SQHF": 1,
		"CREATTIME": "2018-03-15 06:20:10 ",
		"SHZ": 2,
		"YHF": 1
	},
	{
		"YSL": 2,
		"IDC_NAME": "盛网软件",
		"GTZ": 3,
		"ROOM_NAME": "珠海旧香洲机房",
		"SQHF": 1,
		"CREATTIME": "2018-03-15 06:20:10 ",
		"SHZ": 0,
		"YHF": 1
	}
]