{
	"wbaTop10": [{
			"CITY_NAME": "广东省阳江市",
			"WBATOP10": 300
		},
		{
			"CITY_NAME": "广东省珠海市",
			"WBATOP10": 300
		},
		{
			"CITY_NAME": "广东省深圳市",
			"WBATOP10": 84
		}
	],
	"cityTop1": {
		"HKKZTOP1": 300,
		"SS2TOP1": 300,
		"NBGJTOP1": 300,
		"CITY_NAME": "广东省珠海市",
		"SS1TOP1": 301,
		"ZSRQTOP1": 300,
		"HCMLTOP1": 300,
		"FQDLTOP1": 300
	},
	"WlaqsjTop10": [{
		"CITY_NAME": "广东省yangjaing",
		"WLAQTOP10": 1200
	}, {
		"CITY_NAME": "广东省珠海市",
		"WLAQTOP10": 1200
	}, {
		"CITY_NAME": "",
		"WLAQTOP10": 373
	}],
	"xxAqsjTop10": [{
		"CITY_NAME": "广东省yangjaing",
		"AQSJTOP10": 901
	}, {
		"CITY_NAME": "广东省珠海市",
		"AQSJTOP10": 901
	}, {
		"CITY_NAME": "",
		"AQSJTOP10": 197
	}]
}