{"SPTCITYEVENTALL":[
		{"CITY_NAME":"广东省珠海市","CITYEVENTALL":3986},
		{"CITY_NAME":"广东省阳江市","CITYEVENTALL":3986}],
 "SPTPROEVENT":[{"NBGJ":96,"ZSRQ":30,"WBA":7982,"HCML":14,"HKKZ":42,"FQDL":7782,"SS2":8,"CREATTIME":"2018-03-18 17:45:05 ","SS1":0,"ZHAQSJ":23736},
		{"NBGJ":96,"ZSRQ":30,"WBA":7982,"HCML":14,"HKKZ":42,"FQDL":7782,"SS2":8,"CREATTIME":"2018-03-18 13:30:17 ","SS1":0,"ZHAQSJ":23736},
		{"NBGJ":3,"ZSRQ":3,"WBA":3,"HCML":3,"HKKZ":3,"FQDL":3,"SS2":3,"CREATTIME":"2018-03-18 13:25:17 ","SS1":3,"ZHAQSJ":27},
		{"NBGJ":652,"ZSRQ":698,"WBA":684,"HCML":673,"HKKZ":750,"FQDL":690,"SS2":618,"CREATTIME":"2018-03-12 21:25:50 ","SS1":691,"ZHAQSJ":6146},
		{"NBGJ":652,"ZSRQ":698,"WBA":684,"HCML":673,"HKKZ":750,"FQDL":690,"SS2":618,"CREATTIME":"2018-03-12 21:25:50 ","SS1":691,"ZHAQSJ":6146},
		{"NBGJ":652,"ZSRQ":698,"WBA":684,"HCML":673,"HKKZ":750,"FQDL":690,"SS2":618,"CREATTIME":"2018-03-12 21:25:50 ","SS1":691,"ZHAQSJ":6146},
		{"NBGJ":652,"ZSRQ":698,"WBA":684,"HCML":673,"HKKZ":750,"FQDL":690,"SS2":618,"CREATTIME":"2018-03-12 21:25:50 ","SS1":691,"ZHAQSJ":6146},
		{"NBGJ":652,"ZSRQ":698,"WBA":684,"HCML":673,"HKKZ":750,"FQDL":690,"SS2":618,"CREATTIME":"2018-03-12 21:25:50 ","SS1":691,"ZHAQSJ":6146},
		{"NBGJ":652,"ZSRQ":698,"WBA":684,"HCML":673,"HKKZ":750,"FQDL":690,"SS2":618,"CREATTIME":"2018-03-12 21:25:50 ","SS1":691,"ZHAQSJ":6146}],
"SPTCITYEVENTTOP10":[
		{"CITY_NAME":"广东省珠海市","TOTALTOP10":3986},
		{"CITY_NAME":"广东省阳江市","TOTALTOP10":3986}]}

